<Language name="address">
<Lang name="address" value="address"/>
<Lang name="TabEditaddress" value="address Edit"/>
<Lang name="TabViewaddress" value="address View"/>
<Lang name="country_id" value=""/>
<Lang name="ttp_country_id" value=""/>
<Lang name="city" value=""/>
<Lang name="ttp_city" value=""/>
<Lang name="zone_id" value=""/>
<Lang name="ttp_zone_id" value=""/>
<Lang name="address_1" value=""/>
<Lang name="ttp_address_1" value=""/>
<Lang name="postcode" value=""/>
<Lang name="ttp_postcode" value=""/>
<Lang name="customer_id" value=""/>
<Lang name="ttp_customer_id" value=""/>
<Lang name="address_id" value=""/>
<Lang name="ttp_address_id" value=""/>
<Lang name="ttp_operationaddress" value="操作"/>
<Lang name="ttp_createaddress" value="新增"/>
<Lang name="ttp_modifyaddress" value="修改"/>
<Lang name="ttp_resetaddress" value="清除数据"/>
<Lang name="ttp_deleteaddress" value="删除"/>
<Lang name="ttp_refreshaddress" value="刷新"/>
<Lang name="operation" value="操作"/>
<Lang name="create" value="新增"/>
<Lang name="modify" value="修改"/>
<Lang name="reset" value="复位"/>
<Lang name="delete" value="删除"/>
<Lang name="refresh" value="刷新"/>
<Lang name="firstpage" value="首页"/>
<Lang name="prepage" value="上页"/>
<Lang name="nextpage" value="下页"/>
</Language>
