<Language name="category_to_store">
<Lang name="category_to_store" value="category_to_store"/>
<Lang name="TabEditcategory_to_store" value="category_to_store Edit"/>
<Lang name="TabViewcategory_to_store" value="category_to_store View"/>
<Lang name="category_id" value=""/>
<Lang name="ttp_category_id" value=""/>
<Lang name="store_id" value=""/>
<Lang name="ttp_store_id" value=""/>
<Lang name="ttp_operationcategory_to_store" value="操作"/>
<Lang name="ttp_createcategory_to_store" value="新增"/>
<Lang name="ttp_modifycategory_to_store" value="修改"/>
<Lang name="ttp_resetcategory_to_store" value="清除数据"/>
<Lang name="ttp_deletecategory_to_store" value="删除"/>
<Lang name="ttp_refreshcategory_to_store" value="刷新"/>
<Lang name="operation" value="操作"/>
<Lang name="create" value="新增"/>
<Lang name="modify" value="修改"/>
<Lang name="reset" value="复位"/>
<Lang name="delete" value="删除"/>
<Lang name="refresh" value="刷新"/>
<Lang name="firstpage" value="首页"/>
<Lang name="prepage" value="上页"/>
<Lang name="nextpage" value="下页"/>
</Language>
