<Language name="category_description">
<Lang name="category_description" value="category_description"/>
<Lang name="TabEditcategory_description" value="category_description Edit"/>
<Lang name="TabViewcategory_description" value="category_description View"/>
<Lang name="category_id" value=""/>
<Lang name="ttp_category_id" value=""/>
<Lang name="name" value=""/>
<Lang name="ttp_name" value=""/>
<Lang name="description" value=""/>
<Lang name="ttp_description" value=""/>
<Lang name="meta_description" value=""/>
<Lang name="ttp_meta_description" value=""/>
<Lang name="meta_keyword" value=""/>
<Lang name="ttp_meta_keyword" value=""/>
<Lang name="language_id" value=""/>
<Lang name="ttp_language_id" value=""/>
<Lang name="ttp_operationcategory_description" value="操作"/>
<Lang name="ttp_createcategory_description" value="新增"/>
<Lang name="ttp_modifycategory_description" value="修改"/>
<Lang name="ttp_resetcategory_description" value="清除数据"/>
<Lang name="ttp_deletecategory_description" value="删除"/>
<Lang name="ttp_refreshcategory_description" value="刷新"/>
<Lang name="operation" value="操作"/>
<Lang name="create" value="新增"/>
<Lang name="modify" value="修改"/>
<Lang name="reset" value="复位"/>
<Lang name="delete" value="删除"/>
<Lang name="refresh" value="刷新"/>
<Lang name="firstpage" value="首页"/>
<Lang name="prepage" value="上页"/>
<Lang name="nextpage" value="下页"/>
</Language>
