<Language name="category">
<Lang name="category" value="category"/>
<Lang name="TabEditcategory" value="category Edit"/>
<Lang name="TabViewcategory" value="category View"/>
<Lang name="category_name" value=""/>
<Lang name="ttp_category_name" value=""/>
<Lang name="parent_id" value=""/>
<Lang name="ttp_parent_id" value=""/>
<Lang name="status" value=""/>
<Lang name="ttp_status" value=""/>
<Lang name="date_added" value=""/>
<Lang name="ttp_date_added" value=""/>
<Lang name="date_modified" value=""/>
<Lang name="ttp_date_modified" value=""/>
<Lang name="image" value=""/>
<Lang name="ttp_image" value=""/>
<Lang name="sort_order" value=""/>
<Lang name="ttp_sort_order" value=""/>
<Lang name="top" value=""/>
<Lang name="ttp_top" value=""/>
<Lang name="category_id" value=""/>
<Lang name="ttp_category_id" value=""/>
<Lang name="ttp_operationcategory" value="操作"/>
<Lang name="ttp_createcategory" value="新增"/>
<Lang name="ttp_modifycategory" value="修改"/>
<Lang name="ttp_resetcategory" value="清除数据"/>
<Lang name="ttp_deletecategory" value="删除"/>
<Lang name="ttp_refreshcategory" value="刷新"/>
<Lang name="operation" value="操作"/>
<Lang name="create" value="新增"/>
<Lang name="modify" value="修改"/>
<Lang name="reset" value="复位"/>
<Lang name="delete" value="删除"/>
<Lang name="refresh" value="刷新"/>
<Lang name="firstpage" value="首页"/>
<Lang name="prepage" value="上页"/>
<Lang name="nextpage" value="下页"/>
</Language>
