<Language name="currency">
<Lang name="currency" value="currency"/>
<Lang name="TabEditcurrency" value="currency Edit"/>
<Lang name="TabViewcurrency" value="currency View"/>
<Lang name="title" value=""/>
<Lang name="ttp_title" value=""/>
<Lang name="code" value=""/>
<Lang name="ttp_code" value=""/>
<Lang name="symbol_left" value=""/>
<Lang name="ttp_symbol_left" value=""/>
<Lang name="symbol_right" value=""/>
<Lang name="ttp_symbol_right" value=""/>
<Lang name="decimal_place" value=""/>
<Lang name="ttp_decimal_place" value=""/>
<Lang name="value" value=""/>
<Lang name="ttp_value" value=""/>
<Lang name="status" value=""/>
<Lang name="ttp_status" value=""/>
<Lang name="date_modified" value=""/>
<Lang name="ttp_date_modified" value=""/>
<Lang name="currency_id" value=""/>
<Lang name="ttp_currency_id" value=""/>
<Lang name="ttp_operationcurrency" value="操作"/>
<Lang name="ttp_createcurrency" value="新增"/>
<Lang name="ttp_modifycurrency" value="修改"/>
<Lang name="ttp_resetcurrency" value="清除数据"/>
<Lang name="ttp_deletecurrency" value="删除"/>
<Lang name="ttp_refreshcurrency" value="刷新"/>
<Lang name="operation" value="操作"/>
<Lang name="create" value="新增"/>
<Lang name="modify" value="修改"/>
<Lang name="reset" value="复位"/>
<Lang name="delete" value="删除"/>
<Lang name="refresh" value="刷新"/>
<Lang name="firstpage" value="首页"/>
<Lang name="prepage" value="上页"/>
<Lang name="nextpage" value="下页"/>
</Language>
