<Language name="customer">
<Lang name="customer" value="customer"/>
<Lang name="TabEditcustomer" value="customer Edit"/>
<Lang name="TabViewcustomer" value="customer View"/>
<Lang name="lastname" value=""/>
<Lang name="ttp_lastname" value=""/>
<Lang name="firstname" value=""/>
<Lang name="ttp_firstname" value=""/>
<Lang name="telephone" value=""/>
<Lang name="ttp_telephone" value=""/>
<Lang name="customer_group_id" value=""/>
<Lang name="ttp_customer_group_id" value=""/>
<Lang name="fax" value=""/>
<Lang name="ttp_fax" value=""/>
<Lang name="status" value=""/>
<Lang name="ttp_status" value=""/>
<Lang name="email" value=""/>
<Lang name="ttp_email" value=""/>
<Lang name="password" value=""/>
<Lang name="ttp_password" value=""/>
<Lang name="newsletter" value=""/>
<Lang name="ttp_newsletter" value=""/>
<Lang name="ip" value=""/>
<Lang name="ttp_ip" value=""/>
<Lang name="approved" value=""/>
<Lang name="ttp_approved" value=""/>
<Lang name="date_added" value=""/>
<Lang name="ttp_date_added" value=""/>
<Lang name="customer_id" value=""/>
<Lang name="ttp_customer_id" value=""/>
<Lang name="ttp_operationcustomer" value="操作"/>
<Lang name="ttp_createcustomer" value="新增"/>
<Lang name="ttp_modifycustomer" value="修改"/>
<Lang name="ttp_resetcustomer" value="清除数据"/>
<Lang name="ttp_deletecustomer" value="删除"/>
<Lang name="ttp_refreshcustomer" value="刷新"/>
<Lang name="operation" value="操作"/>
<Lang name="create" value="新增"/>
<Lang name="modify" value="修改"/>
<Lang name="reset" value="复位"/>
<Lang name="delete" value="删除"/>
<Lang name="refresh" value="刷新"/>
<Lang name="firstpage" value="首页"/>
<Lang name="prepage" value="上页"/>
<Lang name="nextpage" value="下页"/>
</Language>
