<Language name="inouttype">
<Lang name="inouttype" value="inouttype"/>
<Lang name="TabEditinouttype" value="inouttype Edit"/>
<Lang name="TabViewinouttype" value="inouttype View"/>
<Lang name="name" value=""/>
<Lang name="ttp_name" value=""/>
<Lang name="id_type" value=""/>
<Lang name="ttp_id_type" value=""/>
<Lang name="ttp_operationinouttype" value="操作"/>
<Lang name="ttp_createinouttype" value="新增"/>
<Lang name="ttp_modifyinouttype" value="修改"/>
<Lang name="ttp_resetinouttype" value="清除数据"/>
<Lang name="ttp_deleteinouttype" value="删除"/>
<Lang name="ttp_refreshinouttype" value="刷新"/>
<Lang name="operation" value="操作"/>
<Lang name="create" value="新增"/>
<Lang name="modify" value="修改"/>
<Lang name="reset" value="复位"/>
<Lang name="delete" value="删除"/>
<Lang name="refresh" value="刷新"/>
<Lang name="firstpage" value="首页"/>
<Lang name="prepage" value="上页"/>
<Lang name="nextpage" value="下页"/>
</Language>
