<Language name="manufacturer">
<Lang name="manufacturer" value="manufacturer"/>
<Lang name="TabEditmanufacturer" value="manufacturer Edit"/>
<Lang name="TabViewmanufacturer" value="manufacturer View"/>
<Lang name="name" value=""/>
<Lang name="ttp_name" value=""/>
<Lang name="image" value=""/>
<Lang name="ttp_image" value=""/>
<Lang name="sort_order" value=""/>
<Lang name="ttp_sort_order" value=""/>
<Lang name="manufacturer_id" value=""/>
<Lang name="ttp_manufacturer_id" value=""/>
<Lang name="ttp_operationmanufacturer" value="操作"/>
<Lang name="ttp_createmanufacturer" value="新增"/>
<Lang name="ttp_modifymanufacturer" value="修改"/>
<Lang name="ttp_resetmanufacturer" value="清除数据"/>
<Lang name="ttp_deletemanufacturer" value="删除"/>
<Lang name="ttp_refreshmanufacturer" value="刷新"/>
<Lang name="operation" value="操作"/>
<Lang name="create" value="新增"/>
<Lang name="modify" value="修改"/>
<Lang name="reset" value="复位"/>
<Lang name="delete" value="删除"/>
<Lang name="refresh" value="刷新"/>
<Lang name="firstpage" value="首页"/>
<Lang name="prepage" value="上页"/>
<Lang name="nextpage" value="下页"/>
</Language>
