<Language name="order_product">
<Lang name="order_product" value="order_product"/>
<Lang name="TabEditorder_product" value="order_product Edit"/>
<Lang name="TabVieworder_product" value="order_product View"/>
<Lang name="product_id" value=""/>
<Lang name="ttp_product_id" value=""/>
<Lang name="model" value=""/>
<Lang name="ttp_model" value=""/>
<Lang name="price" value=""/>
<Lang name="ttp_price" value=""/>
<Lang name="quantity" value=""/>
<Lang name="ttp_quantity" value=""/>
<Lang name="total" value=""/>
<Lang name="ttp_total" value=""/>
<Lang name="tax" value=""/>
<Lang name="ttp_tax" value=""/>
<Lang name="reward" value=""/>
<Lang name="ttp_reward" value=""/>
<Lang name="order_id" value=""/>
<Lang name="ttp_order_id" value=""/>
<Lang name="order_product_id" value=""/>
<Lang name="ttp_order_product_id" value=""/>
<Lang name="id_p2s" value=""/>
<Lang name="ttp_id_p2s" value=""/>
<Lang name="ttp_operationorder_product" value="操作"/>
<Lang name="ttp_createorder_product" value="新增"/>
<Lang name="ttp_modifyorder_product" value="修改"/>
<Lang name="ttp_resetorder_product" value="清除数据"/>
<Lang name="ttp_deleteorder_product" value="删除"/>
<Lang name="ttp_refreshorder_product" value="刷新"/>
<Lang name="operation" value="操作"/>
<Lang name="create" value="新增"/>
<Lang name="modify" value="修改"/>
<Lang name="reset" value="复位"/>
<Lang name="delete" value="删除"/>
<Lang name="refresh" value="刷新"/>
<Lang name="firstpage" value="首页"/>
<Lang name="prepage" value="上页"/>
<Lang name="nextpage" value="下页"/>
</Language>
