<Language name="order">
<Lang name="order" value="order"/>
<Lang name="TabEditorder" value="order Edit"/>
<Lang name="TabVieworder" value="order View"/>
<Lang name="invoice_prefix" value=""/>
<Lang name="ttp_invoice_prefix" value=""/>
<Lang name="order_status_id" value=""/>
<Lang name="ttp_order_status_id" value=""/>
<Lang name="customer_group_id" value=""/>
<Lang name="ttp_customer_group_id" value=""/>
<Lang name="customer_id" value=""/>
<Lang name="ttp_customer_id" value=""/>
<Lang name="email" value=""/>
<Lang name="ttp_email" value=""/>
<Lang name="telephone" value=""/>
<Lang name="ttp_telephone" value=""/>
<Lang name="fax" value=""/>
<Lang name="ttp_fax" value=""/>
<Lang name="date_added" value=""/>
<Lang name="ttp_date_added" value=""/>
<Lang name="date_modified" value=""/>
<Lang name="ttp_date_modified" value=""/>
<Lang name="comment" value=""/>
<Lang name="ttp_comment" value=""/>
<Lang name="store_id" value=""/>
<Lang name="ttp_store_id" value=""/>
<Lang name="invoice_no" value=""/>
<Lang name="ttp_invoice_no" value=""/>
<Lang name="store_name" value=""/>
<Lang name="ttp_store_name" value=""/>
<Lang name="store_url" value=""/>
<Lang name="ttp_store_url" value=""/>
<Lang name="shipping_firstname" value=""/>
<Lang name="ttp_shipping_firstname" value=""/>
<Lang name="shipping_lastname" value=""/>
<Lang name="ttp_shipping_lastname" value=""/>
<Lang name="shipping_company" value=""/>
<Lang name="ttp_shipping_company" value=""/>
<Lang name="shipping_address_1" value=""/>
<Lang name="ttp_shipping_address_1" value=""/>
<Lang name="shipping_address_2" value=""/>
<Lang name="ttp_shipping_address_2" value=""/>
<Lang name="shipping_city" value=""/>
<Lang name="ttp_shipping_city" value=""/>
<Lang name="shipping_postcode" value=""/>
<Lang name="ttp_shipping_postcode" value=""/>
<Lang name="shipping_country" value=""/>
<Lang name="ttp_shipping_country" value=""/>
<Lang name="shipping_country_id" value=""/>
<Lang name="ttp_shipping_country_id" value=""/>
<Lang name="shipping_zone" value=""/>
<Lang name="ttp_shipping_zone" value=""/>
<Lang name="shipping_zone_id" value=""/>
<Lang name="ttp_shipping_zone_id" value=""/>
<Lang name="shipping_address_format" value=""/>
<Lang name="ttp_shipping_address_format" value=""/>
<Lang name="shipping_method" value=""/>
<Lang name="ttp_shipping_method" value=""/>
<Lang name="shipping_code" value=""/>
<Lang name="ttp_shipping_code" value=""/>
<Lang name="payment_firstname" value=""/>
<Lang name="ttp_payment_firstname" value=""/>
<Lang name="payment_lastname" value=""/>
<Lang name="ttp_payment_lastname" value=""/>
<Lang name="payment_company" value=""/>
<Lang name="ttp_payment_company" value=""/>
<Lang name="payment_address_1" value=""/>
<Lang name="ttp_payment_address_1" value=""/>
<Lang name="payment_address_2" value=""/>
<Lang name="ttp_payment_address_2" value=""/>
<Lang name="payment_city" value=""/>
<Lang name="ttp_payment_city" value=""/>
<Lang name="payment_postcode" value=""/>
<Lang name="ttp_payment_postcode" value=""/>
<Lang name="payment_country" value=""/>
<Lang name="ttp_payment_country" value=""/>
<Lang name="payment_country_id" value=""/>
<Lang name="ttp_payment_country_id" value=""/>
<Lang name="payment_zone" value=""/>
<Lang name="ttp_payment_zone" value=""/>
<Lang name="payment_zone_id" value=""/>
<Lang name="ttp_payment_zone_id" value=""/>
<Lang name="payment_address_format" value=""/>
<Lang name="ttp_payment_address_format" value=""/>
<Lang name="payment_method" value=""/>
<Lang name="ttp_payment_method" value=""/>
<Lang name="payment_code" value=""/>
<Lang name="ttp_payment_code" value=""/>
<Lang name="total" value=""/>
<Lang name="ttp_total" value=""/>
<Lang name="affiliate_id" value=""/>
<Lang name="ttp_affiliate_id" value=""/>
<Lang name="commission" value=""/>
<Lang name="ttp_commission" value=""/>
<Lang name="language_id" value=""/>
<Lang name="ttp_language_id" value=""/>
<Lang name="currency_id" value=""/>
<Lang name="ttp_currency_id" value=""/>
<Lang name="currency_code" value=""/>
<Lang name="ttp_currency_code" value=""/>
<Lang name="currency_value" value=""/>
<Lang name="ttp_currency_value" value=""/>
<Lang name="ip" value=""/>
<Lang name="ttp_ip" value=""/>
<Lang name="forwarded_ip" value=""/>
<Lang name="ttp_forwarded_ip" value=""/>
<Lang name="user_agent" value=""/>
<Lang name="ttp_user_agent" value=""/>
<Lang name="accept_language" value=""/>
<Lang name="ttp_accept_language" value=""/>
<Lang name="order_id" value=""/>
<Lang name="ttp_order_id" value=""/>
<Lang name="ttp_operationorder" value="操作"/>
<Lang name="ttp_createorder" value="新增"/>
<Lang name="ttp_modifyorder" value="修改"/>
<Lang name="ttp_resetorder" value="清除数据"/>
<Lang name="ttp_deleteorder" value="删除"/>
<Lang name="ttp_refreshorder" value="刷新"/>
<Lang name="operation" value="操作"/>
<Lang name="create" value="新增"/>
<Lang name="modify" value="修改"/>
<Lang name="reset" value="复位"/>
<Lang name="delete" value="删除"/>
<Lang name="refresh" value="刷新"/>
<Lang name="firstpage" value="首页"/>
<Lang name="prepage" value="上页"/>
<Lang name="nextpage" value="下页"/>
</Language>
