<Language name="product">
<Lang name="product" value="product"/>
<Lang name="TabEditproduct" value="product Edit"/>
<Lang name="TabViewproduct" value="product View"/>
<Lang name="product_name" value=""/>
<Lang name="ttp_product_name" value=""/>
<Lang name="manufacturer_id" value=""/>
<Lang name="ttp_manufacturer_id" value=""/>
<Lang name="status" value=""/>
<Lang name="ttp_status" value=""/>
<Lang name="upc" value=""/>
<Lang name="ttp_upc" value=""/>
<Lang name="sku" value=""/>
<Lang name="ttp_sku" value=""/>
<Lang name="price" value=""/>
<Lang name="ttp_price" value=""/>
<Lang name="quantity" value=""/>
<Lang name="ttp_quantity" value=""/>
<Lang name="minimum" value=""/>
<Lang name="ttp_minimum" value=""/>
<Lang name="date_available" value=""/>
<Lang name="ttp_date_available" value=""/>
<Lang name="weight" value=""/>
<Lang name="ttp_weight" value=""/>
<Lang name="weight_class_id" value=""/>
<Lang name="ttp_weight_class_id" value=""/>
<Lang name="length" value=""/>
<Lang name="ttp_length" value=""/>
<Lang name="width" value=""/>
<Lang name="ttp_width" value=""/>
<Lang name="height" value=""/>
<Lang name="ttp_height" value=""/>
<Lang name="length_class_id" value=""/>
<Lang name="ttp_length_class_id" value=""/>
<Lang name="date_added" value=""/>
<Lang name="ttp_date_added" value=""/>
<Lang name="date_modified" value=""/>
<Lang name="ttp_date_modified" value=""/>
<Lang name="model" value=""/>
<Lang name="ttp_model" value=""/>
<Lang name="location" value=""/>
<Lang name="ttp_location" value=""/>
<Lang name="stock_status_id" value=""/>
<Lang name="ttp_stock_status_id" value=""/>
<Lang name="image" value=""/>
<Lang name="ttp_image" value=""/>
<Lang name="shipping" value=""/>
<Lang name="ttp_shipping" value=""/>
<Lang name="points" value=""/>
<Lang name="ttp_points" value=""/>
<Lang name="tax_class_id" value=""/>
<Lang name="ttp_tax_class_id" value=""/>
<Lang name="subtract" value=""/>
<Lang name="ttp_subtract" value=""/>
<Lang name="sort_order" value=""/>
<Lang name="ttp_sort_order" value=""/>
<Lang name="viewed" value=""/>
<Lang name="ttp_viewed" value=""/>
<Lang name="product_id" value=""/>
<Lang name="ttp_product_id" value=""/>
<Lang name="ttp_operationproduct" value="操作"/>
<Lang name="ttp_createproduct" value="新增"/>
<Lang name="ttp_modifyproduct" value="修改"/>
<Lang name="ttp_resetproduct" value="清除数据"/>
<Lang name="ttp_deleteproduct" value="删除"/>
<Lang name="ttp_refreshproduct" value="刷新"/>
<Lang name="operation" value="操作"/>
<Lang name="create" value="新增"/>
<Lang name="modify" value="修改"/>
<Lang name="reset" value="复位"/>
<Lang name="delete" value="删除"/>
<Lang name="refresh" value="刷新"/>
<Lang name="firstpage" value="首页"/>
<Lang name="prepage" value="上页"/>
<Lang name="nextpage" value="下页"/>
</Language>
