<Language name="product_description">
<Lang name="product_description" value="product_description"/>
<Lang name="TabEditproduct_description" value="product_description Edit"/>
<Lang name="TabViewproduct_description" value="product_description View"/>
<Lang name="product_id" value=""/>
<Lang name="ttp_product_id" value=""/>
<Lang name="name" value=""/>
<Lang name="ttp_name" value=""/>
<Lang name="language_id" value=""/>
<Lang name="ttp_language_id" value=""/>
<Lang name="description" value=""/>
<Lang name="ttp_description" value=""/>
<Lang name="meta_description" value=""/>
<Lang name="ttp_meta_description" value=""/>
<Lang name="meta_keyword" value=""/>
<Lang name="ttp_meta_keyword" value=""/>
<Lang name="ttp_operationproduct_description" value="操作"/>
<Lang name="ttp_createproduct_description" value="新增"/>
<Lang name="ttp_modifyproduct_description" value="修改"/>
<Lang name="ttp_resetproduct_description" value="清除数据"/>
<Lang name="ttp_deleteproduct_description" value="删除"/>
<Lang name="ttp_refreshproduct_description" value="刷新"/>
<Lang name="operation" value="操作"/>
<Lang name="create" value="新增"/>
<Lang name="modify" value="修改"/>
<Lang name="reset" value="复位"/>
<Lang name="delete" value="删除"/>
<Lang name="refresh" value="刷新"/>
<Lang name="firstpage" value="首页"/>
<Lang name="prepage" value="上页"/>
<Lang name="nextpage" value="下页"/>
</Language>
