<Language name="product_to_store">
<Lang name="product_to_store" value="product_to_store"/>
<Lang name="TabEditproduct_to_store" value="product_to_store Edit"/>
<Lang name="TabViewproduct_to_store" value="product_to_store View"/>
<Lang name="product_id" value=""/>
<Lang name="ttp_product_id" value=""/>
<Lang name="store_id" value=""/>
<Lang name="ttp_store_id" value=""/>
<Lang name="typeattach" value=""/>
<Lang name="ttp_typeattach" value="1-order,2-return,etc"/>
<Lang name="idattach" value=""/>
<Lang name="ttp_idattach" value="orderid,returnid,etc"/>
<Lang name="quantityact" value=""/>
<Lang name="ttp_quantityact" value=""/>
<Lang name="idx" value=""/>
<Lang name="ttp_idx" value=""/>
<Lang name="price" value=""/>
<Lang name="ttp_price" value=""/>
<Lang name="ttp_operationproduct_to_store" value="操作"/>
<Lang name="ttp_createproduct_to_store" value="新增"/>
<Lang name="ttp_modifyproduct_to_store" value="修改"/>
<Lang name="ttp_resetproduct_to_store" value="清除数据"/>
<Lang name="ttp_deleteproduct_to_store" value="删除"/>
<Lang name="ttp_refreshproduct_to_store" value="刷新"/>
<Lang name="operation" value="操作"/>
<Lang name="create" value="新增"/>
<Lang name="modify" value="修改"/>
<Lang name="reset" value="复位"/>
<Lang name="delete" value="删除"/>
<Lang name="refresh" value="刷新"/>
<Lang name="firstpage" value="首页"/>
<Lang name="prepage" value="上页"/>
<Lang name="nextpage" value="下页"/>
</Language>
