<Language name="return">
<Lang name="return" value="return"/>
<Lang name="TabEditreturn" value="return Edit"/>
<Lang name="TabViewreturn" value="return View"/>
<Lang name="order_id" value=""/>
<Lang name="ttp_order_id" value=""/>
<Lang name="product_id" value=""/>
<Lang name="ttp_product_id" value=""/>
<Lang name="quantity" value=""/>
<Lang name="ttp_quantity" value=""/>
<Lang name="customer_id" value=""/>
<Lang name="ttp_customer_id" value=""/>
<Lang name="telephone" value=""/>
<Lang name="ttp_telephone" value=""/>
<Lang name="email" value=""/>
<Lang name="ttp_email" value=""/>
<Lang name="return_reason_id" value=""/>
<Lang name="ttp_return_reason_id" value=""/>
<Lang name="return_action_id" value=""/>
<Lang name="ttp_return_action_id" value=""/>
<Lang name="return_status_id" value=""/>
<Lang name="ttp_return_status_id" value=""/>
<Lang name="date_added" value=""/>
<Lang name="ttp_date_added" value=""/>
<Lang name="date_modified" value=""/>
<Lang name="ttp_date_modified" value=""/>
<Lang name="comment" value=""/>
<Lang name="ttp_comment" value=""/>
<Lang name="opened" value=""/>
<Lang name="ttp_opened" value=""/>
<Lang name="return_id" value=""/>
<Lang name="ttp_return_id" value=""/>
<Lang name="ttp_operationreturn" value="操作"/>
<Lang name="ttp_createreturn" value="新增"/>
<Lang name="ttp_modifyreturn" value="修改"/>
<Lang name="ttp_resetreturn" value="清除数据"/>
<Lang name="ttp_deletereturn" value="删除"/>
<Lang name="ttp_refreshreturn" value="刷新"/>
<Lang name="operation" value="操作"/>
<Lang name="create" value="新增"/>
<Lang name="modify" value="修改"/>
<Lang name="reset" value="复位"/>
<Lang name="delete" value="删除"/>
<Lang name="refresh" value="刷新"/>
<Lang name="firstpage" value="首页"/>
<Lang name="prepage" value="上页"/>
<Lang name="nextpage" value="下页"/>
</Language>
