<Language name="store">
<Lang name="store" value="store"/>
<Lang name="TabEditstore" value="store Edit"/>
<Lang name="TabViewstore" value="store View"/>
<Lang name="name" value=""/>
<Lang name="ttp_name" value=""/>
<Lang name="address" value=""/>
<Lang name="ttp_address" value=""/>
<Lang name="store_id" value=""/>
<Lang name="ttp_store_id" value=""/>
<Lang name="ttp_operationstore" value="操作"/>
<Lang name="ttp_createstore" value="新增"/>
<Lang name="ttp_modifystore" value="修改"/>
<Lang name="ttp_resetstore" value="清除数据"/>
<Lang name="ttp_deletestore" value="删除"/>
<Lang name="ttp_refreshstore" value="刷新"/>
<Lang name="operation" value="操作"/>
<Lang name="create" value="新增"/>
<Lang name="modify" value="修改"/>
<Lang name="reset" value="复位"/>
<Lang name="delete" value="删除"/>
<Lang name="refresh" value="刷新"/>
<Lang name="firstpage" value="首页"/>
<Lang name="prepage" value="上页"/>
<Lang name="nextpage" value="下页"/>
</Language>
